model,f1_macro,f1_weighted
Random Forest (terpilih),0.8559736769798117,0.8902766694603553
Logistic Regression,0.7514990424293969,0.7979546655356872
SVM (RBF),0.6082602839603056,0.6768413041794445
